{"train/loss": 0.9634, "train/learning_rate": 0.0, "train/epoch": 3.0, "train/global_step": 6, "_timestamp": 1683382502.8530061, "_runtime": 243290.09728503227, "_step": 15, "eval/loss": 1.029525637626648, "eval/accuracy": 0.6363636363636364, "eval/precision": 0.4049586776859504, "eval/recall": 0.6363636363636364, "eval/f1": 0.494949494949495, "eval/runtime": 2.2299, "eval/samples_per_second": 4.933, "eval/steps_per_second": 0.448, "train/train_runtime": 104.774, "train/train_samples_per_second": 0.229, "train/train_steps_per_second": 0.057, "train/total_flos": 814007136096.0, "train/train_loss": 1.011846383412679}